,f_Hz,G_mS,B_ms
0,4996601.0,-0.16033850564670774,1.6380153390998584
1,4996603.4275,0.3459454206729951,2.176587430766279
2,4996605.855,0.06749122583358315,1.914456147812817
3,4996608.2825,0.1817965921381915,1.9984505946747206
4,4996610.71,0.1682084912374112,2.0213021406226055
5,4996613.1375,0.13851653491190916,1.9711530440008205
6,4996615.565,0.18257645441883333,2.0268153343613227
7,4996617.9925,0.1479034334853072,1.9965597932211
8,4996620.42,0.16901222053025142,2.016517587432755
9,4996622.8475,0.16252799666808457,2.0175158453034356
10,4996625.275,0.16408977302341599,2.0203187168683416
11,4996627.7025,0.16960351523025893,2.032300508403287
12,4996630.13,0.16931639795311237,2.0322121265482243
13,4996632.5575,0.1702624239145789,2.038239782719488
14,4996634.985,0.172207896179357,2.042014852210089
15,4996637.4125,0.17360361364137764,2.04584583321848
16,4996639.84,0.17427884731650697,2.050534652311855
17,4996642.2675,0.17544129553572238,2.0538536130806535
18,4996644.695,0.1780786093553131,2.0600011072568583
19,4996647.1225,0.1796963788728608,2.065534743349355
20,4996649.55,0.1824095398246418,2.071181497746812
21,4996651.9775,0.18368555243366358,2.076062017067976
22,4996654.405,0.18623561577696798,2.0820171047036258
23,4996656.8325,0.1855858314041368,2.0878814538369457
24,4996659.26,0.18791612329169569,2.0935555781258333
25,4996661.6875,0.18928553568484416,2.0959944099404306
26,4996664.115,0.190194650878534,2.103103437042883
27,4996666.5425,0.19372799099715277,2.10808403032547
28,4996668.97,0.19407411080571707,2.112475644603378
29,4996671.3975,0.19663119026394685,2.119609622920976
30,4996673.825,0.1988700647953267,2.124171814671528
31,4996676.2525,0.19824576052575402,2.1312675009383337
32,4996678.68,0.20160573361541242,2.13545226052524
33,4996681.1075,0.20387590169543357,2.143611921659289
34,4996683.535,0.20618165149677423,2.1480352139152386
35,4996685.9625,0.20642159954255518,2.152817112892765
36,4996688.39,0.20926549625913599,2.159486403571791
37,4996690.8175,0.2141131194053131,2.164956007317597
38,4996693.245,0.21325431765529976,2.1694701505872
39,4996695.6725,0.21653823683335335,2.176147742500043
40,4996698.1,0.21665696532195783,2.1832213012357164
41,4996700.5275,0.21974470717046446,2.1889450904886902
42,4996702.955,0.22314768370496235,2.1952097762565255
43,4996705.3825,0.22533944555757646,2.203108024182211
44,4996707.81,0.22507725319381844,2.2083059666627163
45,4996710.2375,0.22953403893987162,2.2153583811393016
46,4996712.665,0.2294541104364315,2.222944279290021
47,4996715.0925,0.23372200645668093,2.2297608416727273
48,4996717.52,0.23599131921144037,2.234559772684313
49,4996719.9475,0.2373717467220699,2.2416548504610403
50,4996722.375,0.24047324406638512,2.249319719605003
51,4996724.8025,0.24394792480935726,2.2563840502488377
52,4996727.23,0.24651461746973205,2.2648356760728707
53,4996729.6575,0.24912170368903894,2.2703982467777712
54,4996732.085,0.25052506727766977,2.278830074034758
55,4996734.5125,0.25630889764893744,2.2839204413713574
56,4996736.94,0.25724926387558333,2.29184770136225
57,4996739.3675,0.2604210385914443,2.3012527649374315
58,4996741.795,0.2643895841819599,2.3078203845032594
59,4996744.2225,0.2672996850903793,2.315246076249588
60,4996746.65,0.2678946777900489,2.324071721240919
61,4996749.0775,0.27290660448585763,2.3316179550979768
62,4996751.505,0.2777500988068064,2.3381945954418697
63,4996753.9325,0.2790223622192942,2.347116480512867
64,4996756.36,0.2826958036321355,2.3551022192569966
65,4996758.7875,0.2853225897243459,2.3645935972251704
66,4996761.215,0.28925641265049756,2.3738426762631075
67,4996763.6425,0.2936887753338942,2.38072482541328
68,4996766.07,0.2966927454096782,2.3917551056634263
69,4996768.4975,0.30198443254845764,2.398938487840794
70,4996770.925,0.3047869983026411,2.407750628377357
71,4996773.3525,0.30860168484310024,2.4182438010263905
72,4996775.78,0.31363874572421263,2.4263264090880967
73,4996778.2075,0.3174114146465053,2.4352904817392984
74,4996780.635,0.3196387902057669,2.444212438236857
75,4996783.0625,0.3250677000476484,2.455302746434613
76,4996785.49,0.33001522432010844,2.4650509254486788
77,4996787.9175,0.3339934918569597,2.474774243086916
78,4996790.345,0.3376141953551614,2.485089543667813
79,4996792.7725,0.34330582587224173,2.4922221995450884
80,4996795.2,0.3488891523226676,2.5044569232857685
81,4996797.6275,0.3504592953878332,2.514068158269487
82,4996800.055,0.35909882742870636,2.523177281508627
83,4996802.4825,0.3622019817659131,2.535223152808291
84,4996804.91,0.36710900038180827,2.547186174583302
85,4996807.3375,0.37349650352776853,2.5567031029520093
86,4996809.765,0.37885872763699124,2.5685916271010396
87,4996812.1925,0.3855277029262647,2.580557011489018
88,4996814.62,0.39136866643208296,2.5908525884562037
89,4996817.0475,0.3954738692186068,2.601097079445975
90,4996819.475,0.3995938236365031,2.614748537187216
91,4996821.9025,0.4096932249561331,2.625970237839618
92,4996824.33,0.4127513540717203,2.641326563212597
93,4996826.7575,0.42021372607202423,2.6505189431857987
94,4996829.185,0.42579002892446355,2.664608830376031
95,4996831.6125,0.4344246581666739,2.6749259442141105
96,4996834.04,0.44022667153982054,2.688131348102323
97,4996836.4675,0.447769645067674,2.7009600300150707
98,4996838.895,0.454751316147907,2.714713376514176
99,4996841.3225,0.46163630497214775,2.728593923173291
100,4996843.75,0.46852639241244437,2.7441424176890092
101,4996846.1775,0.47635918768757174,2.756672548182543
102,4996848.605,0.4844386530674115,2.768509192724619
103,4996851.0325,0.4926219607292581,2.7829959000637077
104,4996853.46,0.5010495832844171,2.797439588165075
105,4996855.8875,0.5106363729831503,2.812775925682626
106,4996858.315,0.5184911390800643,2.8266824958495054
107,4996860.7425,0.5283256501155277,2.8435088449239783
108,4996863.17,0.535839753044287,2.858763515128107
109,4996865.5975,0.5474477198149936,2.8745544403730663
110,4996868.025,0.5578449780789259,2.8901026525512266
111,4996870.4525,0.5671742665191767,2.9065554964751343
112,4996872.88,0.5783439258461696,2.921706313267702
113,4996875.3075,0.5898730631102304,2.9390107839049477
114,4996877.735,0.6017199640229681,2.9559449419362362
115,4996880.1625,0.6113789030684089,2.9733554072912747
116,4996882.59,0.6241319686440633,2.9922508393441922
117,4996885.0175,0.6376058509083244,3.0085158995166985
118,4996887.445,0.6503673575042522,3.0278854208961046
119,4996889.8725,0.6638746832243172,3.046448295801691
120,4996892.3,0.676881139299475,3.064537653854909
121,4996894.7275,0.6898915863852643,3.083370600599007
122,4996897.155,0.7042149173834039,3.099777319410496
123,4996899.5825,0.7196002314724574,3.120143858408591
124,4996902.01,0.7339724629276849,3.1393339190550518
125,4996904.4375,0.7500489568743168,3.161106411375169
126,4996906.865,0.7652881510142241,3.1808533083212107
127,4996909.2925,0.7829901867299375,3.2024548391651533
128,4996911.72,0.7997081199768912,3.224647000047502
129,4996914.1475,0.8188459432401128,3.2470260957826027
130,4996916.575,0.8371766138152554,3.2658525852390468
131,4996919.0025,0.8568371040572816,3.290530775177989
132,4996921.43,0.8733234427096318,3.310409744779047
133,4996923.8575,0.8974027640705129,3.3350709955789375
134,4996926.285,0.9169892711948217,3.3592165636335967
135,4996928.7125,0.9380112714657769,3.3823715572500634
136,4996931.14,0.9612093952399873,3.4046606129966293
137,4996933.5675,0.9850133990879478,3.433427359692528
138,4996935.995,1.0096046625247248,3.4536624470672375
139,4996938.4225,1.0349109829929584,3.478846359650321
140,4996940.85,1.0603795731206203,3.5066466934573084
141,4996943.2775,1.089610413337749,3.5308189816306306
142,4996945.705,1.1156621252761842,3.556425050006061
143,4996948.1325,1.1457339192866838,3.5838179416131233
144,4996950.56,1.1750152944574,3.610767013408907
145,4996952.9875,1.2091353046714806,3.6382195620693465
146,4996955.415,1.239878451510984,3.6667622104048467
147,4996957.8425,1.2735296428042346,3.692950731342442
148,4996960.27,1.3095630051415175,3.7205037507026546
149,4996962.6975,1.3483765634658826,3.7497078817236043
150,4996965.125,1.3846405292171162,3.7807928320701016
151,4996967.5525,1.4236894914214957,3.8078112192318203
152,4996969.98,1.4678230408276152,3.8357963332032
153,4996972.4075,1.5088317531269353,3.86799029913776
154,4996974.835,1.5526829758922982,3.89561005283978
155,4996977.2625,1.6010344705533577,3.927931439515817
156,4996979.69,1.6487516048715127,3.9536569655025113
157,4996982.1175,1.7008628232994718,3.9845636527130597
158,4996984.545,1.7521700931110868,4.0155288763139625
159,4996986.9725,1.8078885245871363,4.042608062663684
160,4996989.4,1.8655375155690987,4.0751418267794115
161,4996991.8275,1.9252362615113383,4.103565804291383
162,4996994.255,1.9858577325291296,4.130786293120547
163,4996996.6825,2.0533641902439967,4.161159374554699
164,4996999.11,2.1212628559443107,4.187891876376417
165,4997001.5375,2.19217971851487,4.215002078354172
166,4997003.965,2.2671757558773376,4.243631171480734
167,4997006.3925,2.341822259287629,4.2665390913853125
168,4997008.82,2.4220827587974676,4.29295440357296
169,4997011.2475,2.505732372442923,4.316387959159801
170,4997013.675,2.5922810254949966,4.337804389323432
171,4997016.1025,2.6840453254869114,4.358550359055495
172,4997018.53,2.7773993825584387,4.378319956706563
173,4997020.9575,2.8761620047546335,4.393366588115556
174,4997023.385,2.9775271170487345,4.407704780164215
175,4997025.8125,3.087767172981422,4.420009840311465
176,4997028.24,3.1975507067895417,4.427571133023849
177,4997030.6675,3.3111830553590855,4.430182989382417
178,4997033.095,3.434760466576338,4.429445358687618
179,4997035.5225,3.5601608142262697,4.425891620490068
180,4997037.95,3.6833330026028634,4.4180776239117066
181,4997040.3775,3.8219344035397493,4.406174357504801
182,4997042.805,3.9586364825749425,4.386215695372684
183,4997045.2325,4.098974782092027,4.359430980190445
184,4997047.66,4.2444232705407074,4.329558706694383
185,4997050.0875,4.392326264624607,4.289293460880617
186,4997052.515,4.546311820493542,4.240521258253297
187,4997054.9425,4.702529219093266,4.1827395120143365
188,4997057.37,4.861475754695629,4.1182571436147954
189,4997059.7975,5.02595123039121,4.040793812700972
190,4997062.225,5.193193246519943,3.9520616141043377
191,4997064.6525,5.3529447637067795,3.853459422385767
192,4997067.08,5.5133720361721235,3.7423430072775212
193,4997069.5075,5.6795102241128985,3.616176286738281
194,4997071.935,5.841649005811438,3.483870958495283
195,4997074.3625,5.996164491067809,3.3305475908336444
196,4997076.79,6.15025707590914,3.1677328036444266
197,4997079.2175,6.298299350686906,2.9895807282503677
198,4997081.645,6.4371240370930725,2.7964072210782325
199,4997084.0725,6.563704026000693,2.59708707279418
200,4997086.5,6.6809306111958255,2.380045993509871
201,4997088.9275,6.787316975089939,2.1470858971241165
202,4997091.355,6.875909513803469,1.908976938171444
203,4997093.7825,6.956505240328081,1.6611688531402076
204,4997096.21,7.010523899490064,1.4035491022996842
205,4997098.6375,7.050923577376249,1.1409982474438318
206,4997101.065,7.071107267155021,0.8668203175489659
207,4997103.4925,7.071998072083116,0.6046370370036491
208,4997105.92,7.05043769276734,0.3319295346785131
209,4997108.3475,7.010759985500673,0.06226619019860199
210,4997110.775,6.948608557171098,-0.19790996747174763
211,4997113.2025,6.870979149535491,-0.4534601535795955
212,4997115.63,6.770337732739341,-0.7046545264831896
213,4997118.0575,6.655004372157649,-0.9442674377143568
214,4997120.485,6.5228991596781745,-1.161901862132578
215,4997122.9125,6.370074927672997,-1.3711363518305089
216,4997125.34,6.21323681436357,-1.5698570716374267
217,4997127.7675,6.04435735265532,-1.7468217581917573
218,4997130.195,5.864746729357275,-1.9090856218853134
219,4997132.6225,5.679509949862823,-2.0539500208800336
220,4997135.05,5.490622028469524,-2.1826160004165795
221,4997137.4775,5.2989439272256424,-2.2924448958714
222,4997139.905,5.104933318532213,-2.3865556150045313
223,4997142.3325,4.912943660514865,-2.4696225792495916
224,4997144.76,4.721185865110311,-2.5348517374629878
225,4997147.1875,4.533690084078843,-2.584970559802129
226,4997149.615,4.350107580107584,-2.623935600883056
227,4997152.0425,4.17243166461462,-2.652855614295196
228,4997154.47,3.9964313602332346,-2.671667135209057
229,4997156.8975,3.8298878872203668,-2.682858644903826
230,4997159.325,3.668187753672715,-2.682647166601809
231,4997161.7525,3.512872915322149,-2.67708385116581
232,4997164.18,3.363487550226288,-2.6658559497597176
233,4997166.6075,3.2237977438874186,-2.646632604297475
234,4997169.035,3.08981214833046,-2.6241392358824216
235,4997171.4625,2.9582136660149385,-2.595639806258894
236,4997173.89,2.838441099738189,-2.5677822227563305
237,4997176.3175,2.7230228794401596,-2.5346335501259634
238,4997178.745,2.611659996782041,-2.5002749880893784
239,4997181.1725,2.50773925506274,-2.464616467902148
240,4997183.6,2.4084615886357312,-2.42683080885008
241,4997186.0275,2.3140558906995983,-2.3858852453042294
242,4997188.455,2.221024330665742,-2.346634232604415
243,4997190.8825,2.139060779677181,-2.3066618031628088
244,4997193.31,2.0602457393344156,-2.2613345954101787
245,4997195.7375,1.9805684711273042,-2.221478138764836
246,4997198.165,1.9104421774150089,-2.1827738974410393
247,4997200.5925,1.8408041566233433,-2.1399563051325257
248,4997203.02,1.7745445382341298,-2.098480703265722
249,4997205.4475,1.7136975353537642,-2.0589114621751725
250,4997207.875,1.6529376109994214,-2.018141067262818
251,4997210.3025,1.5991477807379257,-1.9776193106751032
252,4997212.73,1.5426062525289865,-1.9403277106193642
253,4997215.1575,1.4907999506679785,-1.8987173862613895
254,4997217.585,1.4455054341034135,-1.8600076165718198
255,4997220.0125,1.3960701502904964,-1.8252017555919278
256,4997222.44,1.352200908151486,-1.7859095939752299
257,4997224.8675,1.3091370278652765,-1.7497099477503406
258,4997227.295,1.2681277763997634,-1.7117016022183962
259,4997229.7225,1.2293050508376593,-1.6789991150185577
260,4997232.15,1.1914343758899109,-1.6429217899106079
261,4997234.5775,1.156898733207557,-1.6078219777524492
262,4997237.005,1.123190739047815,-1.57577049676961
263,4997239.4325,1.0915571595994842,-1.5412738738652383
264,4997241.86,1.056417829323231,-1.5076654479058085
265,4997244.2875,1.0281735904916527,-1.4757823692669683
266,4997246.715,1.0000186878131208,-1.446854179154184
267,4997249.1425,0.9724129855747702,-1.4135016999281462
268,4997251.57,0.9458567711903366,-1.3867217899954383
269,4997253.9975,0.9215377209806916,-1.356147609403829
270,4997256.425,0.8971908111217123,-1.3263555259229844
271,4997258.8525,0.873267019313535,-1.2999672396319883
272,4997261.28,0.8490217860389955,-1.2718251545689867
273,4997263.7075,0.8287687863789743,-1.2438369157555018
274,4997266.135,0.8064192019915812,-1.2168346332465922
275,4997268.5625,0.7892542470892018,-1.1898990209975642
276,4997270.99,0.7689449325083078,-1.1640042058599458
277,4997273.4175,0.7499125117060066,-1.1403602750583335
278,4997275.845,0.7283213521278792,-1.1131470485347723
279,4997278.2725,0.713701309631432,-1.0911576630964175
280,4997280.7,0.6961734773282726,-1.0666835495211107
281,4997283.1275,0.6807875776136961,-1.043512064438448
282,4997285.555,0.6651787147045771,-1.0225369317395419
283,4997287.9825,0.6496392760201887,-0.9970633505242638
284,4997290.41,0.6371269017065323,-0.9737879177855708
285,4997292.8375,0.6211967419630832,-0.9535510492521956
286,4997295.265,0.6048873934006543,-0.9346626464351481
287,4997297.6925,0.5965606512303243,-0.9122423740013644
288,4997300.12,0.5857720945843001,-0.8873576073635785
289,4997302.5475,0.5709406219412032,-0.8704668684548984
290,4997304.975,0.5598842136852501,-0.8534775501988495
291,4997307.4025,0.5473427538713478,-0.8336893535821558
292,4997309.83,0.5343145982932869,-0.8127534580831479
293,4997312.2575,0.525142219275209,-0.7919368926343351
294,4997314.685,0.5136643710561549,-0.7741273764348823
295,4997317.1125,0.500997867865475,-0.7577461951496903
296,4997319.54,0.49353591760907023,-0.7394729127170343
297,4997321.9675,0.48223157379036685,-0.7211207818797779
298,4997324.395,0.4738077089742414,-0.7048959306822771
299,4997326.8225,0.4647058688118918,-0.6884606065934147
300,4997329.25,0.45642107396863585,-0.6719492904124207
301,4997331.6775,0.4466035602122459,-0.6562151391132824
302,4997334.105,0.43810214487332777,-0.637219210636495
303,4997336.5325,0.43019139091621933,-0.623194386441079
304,4997338.96,0.42292475809460417,-0.6067008025212662
305,4997341.3875,0.41434218144223484,-0.5920332278067576
306,4997343.815,0.4069339616461537,-0.578638642693082
307,4997346.2425,0.4007535289134727,-0.5648565443027953
308,4997348.67,0.3934477307109055,-0.5503946743248479
309,4997351.0975,0.38718954337696093,-0.5347617983506623
310,4997353.525,0.37903498174553074,-0.5251584242645504
311,4997355.9525,0.37194223030607965,-0.5085791641249446
312,4997358.38,0.3667468916912116,-0.49536263084545373
313,4997360.8075,0.36107333848789847,-0.48305894517747305
314,4997363.235,0.35569501033782136,-0.46967028359881346
315,4997365.6625,0.35046217751115444,-0.45663694242538705
316,4997368.09,0.3447545713187406,-0.44406225103383706
317,4997370.5175,0.3391545513981837,-0.43269046263410016
318,4997372.945,0.3354715072444747,-0.42136757140888464
319,4997375.3725,0.3251508358643878,-0.40820155801472796
320,4997377.8,0.3219917290425828,-0.395442559051472
321,4997380.2275,0.3174416341647146,-0.3821733160275447
322,4997382.655,0.3132154463633865,-0.37263862690667215
323,4997385.0825,0.30709312336619216,-0.3608924868025932
324,4997387.51,0.30270198432405,-0.34882631665596225
325,4997389.9375,0.302033370197859,-0.33719414696849603
326,4997392.365,0.29506093303716024,-0.3245388340162963
327,4997394.7925,0.2890383094006062,-0.31500173947157356
328,4997397.22,0.2849225586881278,-0.3041946972716876
329,4997399.6475,0.2807213657702583,-0.29443530724903544
330,4997402.075,0.2765313382045004,-0.2813900599739013
331,4997404.5025,0.27452560267304593,-0.27275035365194233
332,4997406.93,0.2675830090597748,-0.26382403733939036
333,4997409.3575,0.26646151590351574,-0.2541837599580151
334,4997411.785,0.262567816284362,-0.2445146554419899
335,4997414.2125,0.25938430169007143,-0.2342640072401533
336,4997416.64,0.2533427306657026,-0.2257317415558184
337,4997419.0675,0.2508482032250837,-0.21592622941081172
338,4997421.495,0.249719539389016,-0.2061594951145644
339,4997423.9225,0.24579817974563725,-0.19754463801676936
340,4997426.35,0.2417513399997877,-0.18940877924217772
341,4997428.7775,0.23715788185708112,-0.18024124570165748
342,4997431.205,0.2353178228521734,-0.17125314179463208
343,4997433.6325,0.23233169389695515,-0.1619773727175353
344,4997436.06,0.2282834809571143,-0.15326946811586534
345,4997438.4875,0.22652119801774317,-0.1441295673378669
346,4997440.915,0.22209130822387216,-0.13679334893986914
347,4997443.3425,0.22009050148164186,-0.1289234463527871
348,4997445.77,0.21960687235142573,-0.12128002625372145
349,4997448.1975,0.21608246971935982,-0.11159932364969292
350,4997450.625,0.21315996407470944,-0.10440294963810824
351,4997453.0525,0.21010839788343322,-0.0970208533391813
352,4997455.48,0.20832720171613464,-0.09037658800272355
353,4997457.9075,0.2066920813758479,-0.08090774583271404
354,4997460.335,0.20320672177669777,-0.07464364180219916
355,4997462.7625,0.19998843126280313,-0.06655735882082432
356,4997465.19,0.20005192560956264,-0.058751889452115645
357,4997467.6175,0.19587690892817175,-0.05132979354585922
358,4997470.045,0.19442727242679678,-0.04493449537739966
359,4997472.4725,0.19116018505941662,-0.03981096700647308
360,4997474.9,0.18956642395002476,-0.029959556217840414
361,4997477.3275,0.18679885985298741,-0.024249947657746268
362,4997479.755,0.18416170498434045,-0.018416091586329706
363,4997482.1825,0.1805467225746054,-0.011209821219673044
364,4997484.61,0.17963574620877734,-0.005137978625718751
365,4997487.0375,0.17814744110053096,0.0025031556061815307
366,4997489.465,0.1766078328459327,0.008620606866209765
367,4997491.8925,0.17461145118794869,0.013751204153656833
368,4997494.32,0.1746113730774922,0.021258185730550452
369,4997496.7475,0.17098688045497829,0.028146603102249954
370,4997499.175,0.17134726298324424,0.03326097352697912
371,4997501.6025,0.16739849075102986,0.03998087109159751
372,4997504.03,0.16741534845522932,0.046730642157800185
373,4997506.4575,0.16368509378852442,0.051669328226735714
374,4997508.885,0.1630605964889589,0.058832863804436
375,4997511.3125,0.16033959420687008,0.06330726660158198
376,4997513.74,0.1575439605364438,0.07005892154033576
377,4997516.1675,0.15880470500454938,0.0754994770050642
378,4997518.595,0.15691530601550194,0.08112507263879642
379,4997521.0225,0.15588720591656424,0.08699858564098621
380,4997523.45,0.15464354473589917,0.09112297359057027
381,4997525.8775,0.1512437279598466,0.09830397046641433
382,4997528.305,0.14942250257983647,0.10243044960900766
383,4997530.7325,0.14874251401061603,0.10915492165094326
384,4997533.16,0.1463806486924633,0.11324589189391521
385,4997535.5875,0.1474954167162096,0.1184178800511049
386,4997538.015,0.144603040568063,0.1237681107547029
387,4997540.4425,0.14328069760120424,0.12907696165790744
388,4997542.87,0.14000774604767394,0.13337963493450225
389,4997545.2975,0.14215657412197436,0.13849800371590332
390,4997547.725,0.1399466069045136,0.14339231680404585
391,4997550.1525,0.13732258546212886,0.14902602252794067
392,4997552.58,0.13521345092565534,0.15458992662505908
393,4997555.0075,0.13531069905203064,0.1602816694852818
394,4997557.435,0.13567218310837573,0.16308008528724174
395,4997559.8625,0.13313361025983356,0.1695006534605161
396,4997562.29,0.13252948326950356,0.17501739470794125
397,4997564.7175,0.13055962618677328,0.17805146023290508
398,4997567.145,0.1323699466855677,0.18277711836321855
399,4997569.5725,0.1288586274309207,0.18813898745768162
